{"stats":{"minecraft:broken":{"minecraft:leather_helmet":1,"minecraft:wooden_pickaxe":1,"minecraft:stone_pickaxe":3,"minecraft:stone_axe":4,"minecraft:stone_shovel":4},"minecraft:killed":{"minecraft:spider":4,"minecraft:skeleton":9,"minecraft:chicken":107,"minecraft:pig":13,"minecraft:wandering_trader":1,"minecraft:creeper":5,"minecraft:sheep":13,"minecraft:pillager":6,"minecraft:zombie":13,"minecraft:enderman":3,"minecraft:cow":11},"minecraft:custom":{"minecraft:mob_kills":187,"minecraft:animals_bred":24,"minecraft:interact_with_crafting_table":74,"minecraft:leave_game":56,"minecraft:time_since_death":1109,"minecraft:climb_one_cm":76330,"minecraft:sprint_one_cm":1610893,"minecraft:damage_blocked_by_shield":3475,"minecraft:walk_one_cm":1800903,"minecraft:drop":52,"minecraft:play_noteblock":16,"minecraft:talked_to_villager":3,"minecraft:play_time":690772,"minecraft:sneak_time":54240,"minecraft:deaths":32,"minecraft:walk_under_water_one_cm":38695,"minecraft:boat_one_cm":24861,"minecraft:jump":12503,"minecraft:walk_on_water_one_cm":48022,"minecraft:total_world_time":690772,"minecraft:interact_with_furnace":172,"minecraft:tune_noteblock":107,"minecraft:sleep_in_bed":32,"minecraft:time_since_rest":1141,"minecraft:damage_taken":18082,"minecraft:damage_dealt":18688,"minecraft:swim_one_cm":125386,"minecraft:player_kills":6,"minecraft:fly_one_cm":2252807,"minecraft:open_chest":223,"minecraft:crouch_one_cm":198930,"minecraft:fall_one_cm":333647},"minecraft:dropped":{"minecraft:water_bucket":1,"minecraft:cooked_beef":1,"minecraft:feather":4,"minecraft:cobblestone":31,"minecraft:glow_berries":1,"minecraft:wooden_hoe":1,"minecraft:torch":101,"minecraft:string":1,"minecraft:bone":10,"minecraft:stone_axe":6,"minecraft:soul_torch":4,"minecraft:cooked_chicken":2,"minecraft:oak_planks":30,"minecraft:cooked_mutton":2,"minecraft:leather_chestplate":1,"minecraft:shield":1,"minecraft:stone_pickaxe":1,"minecraft:egg":96},"minecraft:killed_by":{"minecraft:player":2,"sanitydim:rotting_stalker":1,"man:managgresive":1,"sanitydim:sneaking_terror":1,"apollyon:the_damned":1,"skinwalker_overhaul:skinwalker_overhaul":12,"the_one_who_watches:toww_running":1,"minecraft:zombie":1},"minecraft:crafted":{"minecraft:oak_door":9,"minecraft:oak_planks":684,"minecraft:stone_shovel":3,"minecraft:oak_sign":3,"minecraft:cooked_chicken":96,"minecraft:furnace":1,"minecraft:white_carpet":3,"minecraft:cooked_mutton":24,"minecraft:glass_pane":16,"minecraft:oak_trapdoor":2,"minecraft:glass":51,"minecraft:bow":1,"minecraft:ladder":6,"minecraft:stone_pickaxe":12,"minecraft:chest":4,"minecraft:cooked_beef":22,"minecraft:cooked_porkchop":23,"minecraft:crafting_table":4,"minecraft:spruce_planks":32,"minecraft:wooden_pickaxe":1,"minecraft:copper_ingot":28,"minecraft:leather_helmet":1,"minecraft:stone_axe":12,"minecraft:air":0,"minecraft:oak_boat":1,"minecraft:iron_chestplate":1,"minecraft:yellow_dye":1,"minecraft:shield":3,"minecraft:stick":72,"minecraft:iron_ingot":44,"minecraft:stone_sword":1,"minecraft:gold_ingot":8,"minecraft:white_bed":2,"minecraft:torch":104},"minecraft:picked_up":{"minecraft:iron_chestplate":6,"minecraft:crafting_table":19,"minecraft:chicken":143,"minecraft:iron_trapdoor":4,"minecraft:clay_ball":56,"minecraft:chest_minecart":3,"minecraft:brown_mushroom":2,"minecraft:lead":2,"minecraft:potion":1,"minecraft:shield":28,"minecraft:oak_trapdoor":2,"minecraft:string":3,"minecraft:moss_carpet":19,"minecraft:raw_copper":41,"minecraft:glass_pane":13,"minecraft:oak_sign":2,"minecraft:cobbled_deepslate":190,"minecraft:spruce_planks":57,"minecraft:beef":24,"minecraft:oak_boat":23,"minecraft:azalea":3,"minecraft:iron_pickaxe":5,"minecraft:chest":1,"minecraft:birch_sapling":7,"minecraft:phantom_membrane":2,"minecraft:furnace":16,"minecraft:egg":1421,"minecraft:stick":19,"minecraft:raw_iron":78,"minecraft:oak_door":78,"minecraft:oak_fence":35,"minecraft:torch":580,"minecraft:note_block":20,"minecraft:sandstone_wall":2,"minecraft:porkchop":32,"minecraft:diorite":29,"minecraft:stone_sword":1,"minecraft:arrow":38,"minecraft:stone_shovel":31,"minecraft:rotten_flesh":24,"minecraft:beetroot_seeds":4,"minecraft:polished_basalt":15,"minecraft:glow_berries":2,"minecraft:mutton":22,"minecraft:rail":3,"minecraft:white_wool":12,"minecraft:cobblestone":1078,"minecraft:stripped_oak_log":4,"minecraft:magma_block":8,"minecraft:leather_chestplate":1,"minecraft:cooked_beef":5,"minecraft:feather":174,"minecraft:lilac":1,"minecraft:repeater":1,"minecraft:water_bucket":8,"minecraft:andesite":19,"minecraft:leather":19,"minecraft:oak_log":223,"minecraft:cobblestone_wall":1,"minecraft:gunpowder":9,"minecraft:lapis_lazuli":92,"minecraft:wooden_hoe":2,"minecraft:gray_concrete":2,"minecraft:lantern":4,"minecraft:dirt":496,"minecraft:white_banner":2,"man:cassette_1safetyinstructions":1,"minecraft:name_tag":2,"minecraft:cooked_mutton":14,"minecraft:bone":36,"minecraft:apple":2,"minecraft:pearlescent_froglight":3,"minecraft:bow":4,"minecraft:wheat_seeds":69,"minecraft:raw_gold":8,"minecraft:oak_fence_gate":1,"minecraft:stone_pickaxe":50,"minecraft:cooked_chicken":134,"minecraft:cobweb":4,"minecraft:moss_block":64,"minecraft:oak_planks":391,"minecraft:flowering_azalea":2,"minecraft:book":36,"minecraft:cooked_porkchop":33,"minecraft:dandelion":5,"minecraft:gravel":22,"minecraft:sand":106,"minecraft:soul_torch":8,"minecraft:spruce_log":8,"minecraft:white_bed":1,"minecraft:grass_block":2,"minecraft:spider_eye":3,"minecraft:mossy_cobblestone":4,"minecraft:leather_helmet":3,"man:tearoftheman":1,"minecraft:diamond":4,"minecraft:stone_axe":50,"minecraft:granite":59,"minecraft:bread":6,"minecraft:oak_sapling":8,"minecraft:netherrack":6,"minecraft:melon_seeds":4,"minecraft:coal":209,"minecraft:ender_pearl":1},"minecraft:used":{"minecraft:oak_trapdoor":1,"minecraft:oak_fence":4,"minecraft:moss_block":26,"minecraft:stone_sword":14,"minecraft:stone_shovel":505,"minecraft:ladder":6,"minecraft:oak_sign":5,"minecraft:polished_basalt":3,"minecraft:chest":4,"minecraft:spruce_planks":26,"minecraft:shield":73,"minecraft:cooked_chicken":125,"minecraft:rotten_flesh":7,"minecraft:sandstone_wall":1,"minecraft:oak_door":29,"minecraft:torch":142,"minecraft:dirt":166,"minecraft:white_carpet":3,"minecraft:glass":28,"minecraft:lantern":3,"minecraft:bow":6,"minecraft:oak_sapling":1,"minecraft:furnace":3,"minecraft:egg":1393,"minecraft:cooked_beef":22,"minecraft:pearlescent_froglight":2,"minecraft:cobbled_deepslate":110,"minecraft:cooked_mutton":21,"minecraft:water_bucket":10,"minecraft:stone_pickaxe":806,"minecraft:oak_planks":14,"minecraft:wooden_pickaxe":56,"minecraft:mossy_cobblestone":2,"minecraft:sand":11,"minecraft:rail":1,"minecraft:crafting_table":8,"minecraft:white_bed":3,"minecraft:note_block":2,"minecraft:iron_pickaxe":12,"minecraft:leather_helmet":1,"minecraft:gravel":1,"minecraft:stone_axe":636,"minecraft:cobblestone":441,"minecraft:white_banner":2,"minecraft:cooked_porkchop":16,"minecraft:bucket":10,"minecraft:glass_pane":8,"minecraft:oak_boat":8,"minecraft:chest_minecart":1},"minecraft:mined":{"minecraft:spruce_planks":14,"minecraft:mossy_cobblestone":4,"minecraft:deepslate_diamond_ore":1,"minecraft:oak_door":20,"minecraft:glow_lichen":1,"minecraft:granite":6,"minecraft:grass_block":140,"minecraft:spruce_leaves":15,"minecraft:moss_block":63,"minecraft:oak_wall_sign":2,"minecraft:magma_block":8,"minecraft:furnace":3,"minecraft:iron_ore":39,"minecraft:polished_basalt":5,"minecraft:cobbled_deepslate":43,"minecraft:andesite":12,"minecraft:moss_carpet":3,"treechop:chopped_log":2,"minecraft:bookshelf":6,"minecraft:cave_vines":1,"minecraft:deepslate_iron_ore":18,"minecraft:rail":2,"minecraft:lantern":2,"minecraft:stripped_oak_log":2,"minecraft:stone":341,"minecraft:glass_pane":1,"minecraft:soul_torch":4,"minecraft:clay":21,"minecraft:oak_fence":7,"minecraft:crafting_table":6,"minecraft:torch":15,"minecraft:note_block":10,"minecraft:chest":1,"minecraft:copper_ore":13,"minecraft:tall_grass":19,"minecraft:cobblestone":223,"minecraft:deepslate_gold_ore":8,"minecraft:lapis_ore":3,"minecraft:oak_planks":16,"minecraft:diorite":3,"minecraft:wall_torch":18,"minecraft:pearlescent_froglight":2,"jeg:deepslate_scrap_ore":12,"minecraft:coarse_dirt":5,"minecraft:lilac":1,"minecraft:spruce_log":11,"minecraft:birch_leaves":13,"minecraft:bee_nest":1,"minecraft:grass":312,"minecraft:oak_log":140,"minecraft:coal_ore":60,"minecraft:gravel":5,"minecraft:sand":91,"minecraft:dirt":206,"minecraft:netherrack":6,"minecraft:deepslate":28,"minecraft:oak_leaves":68,"minecraft:iron_trapdoor":2}},"DataVersion":3120}