{"stats":{"minecraft:broken":{"minecraft:leather_chestplate":1,"minecraft:stone_axe":3,"minecraft:iron_pickaxe":1},"minecraft:dropped":{"minecraft:water_bucket":2,"minecraft:brown_mushroom":2,"minecraft:wheat_seeds":18,"minecraft:lapis_lazuli":23,"minecraft:oak_log":24,"minecraft:diamond":1,"minecraft:crafting_table":1,"minecraft:cooked_porkchop":1,"minecraft:oak_fence":4,"minecraft:cobblestone":52,"minecraft:lantern":1,"minecraft:leather":3,"minecraft:apple":1,"minecraft:granite":36,"jeg:scrap":27,"minecraft:coal":17,"minecraft:leather_helmet":1,"minecraft:stick":9,"minecraft:cobweb":4,"minecraft:dirt":34,"minecraft:gray_concrete":2,"minecraft:diorite":13,"minecraft:iron_trapdoor":2,"minecraft:wooden_hoe":1,"minecraft:torch":118,"minecraft:potion":1,"minecraft:phantom_membrane":2,"minecraft:polished_basalt":3,"minecraft:iron_pickaxe":3,"minecraft:dandelion":5,"minecraft:bone":17,"minecraft:oak_door":8,"minecraft:gravel":12,"minecraft:note_block":2,"minecraft:furnace":2,"minecraft:stone_axe":7,"minecraft:soul_torch":4,"minecraft:cooked_chicken":41,"minecraft:cobblestone_wall":1,"minecraft:cobbled_deepslate":53,"minecraft:birch_sapling":5,"minecraft:raw_iron":9,"minecraft:stone_shovel":6,"minecraft:chicken":18,"minecraft:rotten_flesh":2,"minecraft:oak_planks":63,"minecraft:cooked_mutton":2,"minecraft:oak_fence_gate":1,"minecraft:leather_chestplate":1,"minecraft:shield":5,"man:tearoftheman":1,"minecraft:gunpowder":2,"minecraft:spruce_planks":25,"minecraft:andesite":6,"minecraft:oak_sapling":2,"minecraft:oak_boat":3,"minecraft:stone_pickaxe":7,"minecraft:egg":16},"minecraft:killed":{"minecraft:spider":1,"minecraft:skeleton":3,"minecraft:chicken":99,"minecraft:drowned":1,"minecraft:pig":8,"minecraft:sheep":3,"minecraft:trader_llama":2,"minecraft:zombie":4,"minecraft:cow":3},"minecraft:killed_by":{"minecraft:player":6,"minecraft:spider":1,"minecraft:enderman":1,"cartoon_dweller:cartoon_dweller":3,"man:managgresive":1,"skinwalker_overhaul:skinwalker_overhaul":3,"minecraft:skeleton":1},"minecraft:used":{"minecraft:oak_fence":47,"minecraft:moss_block":21,"minecraft:stone_shovel":110,"minecraft:chest":2,"minecraft:spruce_planks":30,"minecraft:shield":1,"minecraft:cooked_chicken":46,"minecraft:rotten_flesh":3,"minecraft:netherrack":24,"minecraft:oak_door":15,"minecraft:torch":171,"minecraft:dirt":114,"minecraft:glass":24,"minecraft:wooden_axe":7,"minecraft:lantern":6,"minecraft:bow":2,"minecraft:furnace":5,"minecraft:egg":272,"minecraft:cooked_mutton":3,"minecraft:cooked_beef":6,"minecraft:diorite":15,"minecraft:cobbled_deepslate":132,"minecraft:water_bucket":58,"minecraft:birch_planks":4,"minecraft:oak_planks":54,"minecraft:sugar_cane":13,"minecraft:stone_pickaxe":239,"minecraft:wooden_pickaxe":8,"minecraft:leather_chestplate":3,"minecraft:glow_berries":6,"minecraft:sand":23,"minecraft:crafting_table":3,"minecraft:birch_fence":33,"minecraft:diamond_pickaxe":612,"minecraft:oxeye_daisy":1,"minecraft:birch_fence_gate":1,"minecraft:chicken":2,"minecraft:iron_pickaxe":485,"minecraft:brown_wool":1,"jeg:scrap_workbench":1,"minecraft:stone_axe":369,"minecraft:cobblestone":514,"minecraft:cooked_porkchop":13,"minecraft:andesite":19,"minecraft:bucket":59,"minecraft:birch_log":9,"minecraft:glass_pane":3},"minecraft:crafted":{"minecraft:oak_door":9,"minecraft:oak_planks":260,"minecraft:stone_shovel":5,"minecraft:iron_nugget":54,"minecraft:cooked_chicken":90,"minecraft:furnace":4,"minecraft:stone":6,"minecraft:bone_meal":20,"minecraft:cooked_mutton":3,"minecraft:glass_pane":16,"minecraft:glass":24,"minecraft:lantern":6,"minecraft:repeater":2,"jeg:scrap_workbench":1,"minecraft:birch_fence_gate":1,"minecraft:stone_pickaxe":3,"minecraft:chest":1,"minecraft:oak_fence":63,"minecraft:cooked_beef":6,"minecraft:coal_block":3,"minecraft:cooked_porkchop":14,"minecraft:crafting_table":4,"minecraft:spruce_planks":60,"minecraft:wooden_pickaxe":1,"minecraft:copper_ingot":91,"minecraft:bucket":1,"minecraft:birch_planks":76,"minecraft:stone_axe":4,"jeg:scrap_block":1,"minecraft:oak_fence_gate":1,"minecraft:wooden_hoe":1,"minecraft:diamond_pickaxe":2,"minecraft:birch_fence":33,"minecraft:stick":196,"minecraft:iron_ingot":39,"minecraft:leather_chestplate":1,"minecraft:iron_pickaxe":2,"minecraft:wooden_axe":1,"minecraft:redstone_torch":4,"minecraft:torch":260},"minecraft:mined":{"minecraft:spruce_planks":5,"minecraft:white_bed":1,"minecraft:deepslate_diamond_ore":7,"minecraft:oak_door":7,"minecraft:andesite_stairs":1,"minecraft:cave_vines_plant":3,"minecraft:granite":21,"minecraft:grass_block":15,"minecraft:spruce_leaves":8,"minecraft:moss_block":26,"minecraft:oxeye_daisy":1,"minecraft:magma_block":1,"minecraft:furnace":1,"minecraft:iron_ore":22,"minecraft:cobbled_deepslate":64,"minecraft:andesite":37,"minecraft:moss_carpet":2,"minecraft:deepslate_lapis_ore":3,"minecraft:gold_block":1,"minecraft:cave_vines":8,"minecraft:deepslate_iron_ore":15,"minecraft:rail":19,"minecraft:stripped_oak_log":1,"minecraft:azalea":5,"minecraft:stone":465,"minecraft:podzol":1,"minecraft:deepslate_redstone_ore":6,"minecraft:flowering_azalea":3,"minecraft:gray_concrete":2,"jeg:scrap_ore":12,"minecraft:dandelion":11,"minecraft:clay":3,"minecraft:oak_fence":13,"minecraft:cornflower":1,"minecraft:note_block":2,"minecraft:crafting_table":1,"minecraft:torch":48,"minecraft:chest":1,"minecraft:copper_ore":32,"minecraft:tall_grass":171,"minecraft:glass":3,"minecraft:cobblestone":182,"minecraft:deepslate_gold_ore":1,"minecraft:lapis_ore":9,"minecraft:oak_planks":14,"minecraft:sugar_cane":9,"minecraft:diorite":35,"minecraft:wall_torch":24,"minecraft:seagrass":1,"jeg:deepslate_scrap_ore":4,"minecraft:cobblestone_wall":1,"minecraft:birch_log":28,"minecraft:spruce_log":13,"minecraft:birch_leaves":13,"minecraft:grass":1382,"minecraft:coal_ore":141,"minecraft:oak_log":76,"minecraft:dark_oak_button":1,"minecraft:gravel":6,"minecraft:sand":99,"minecraft:dirt":119,"minecraft:sandstone_wall":2,"minecraft:netherrack":31,"minecraft:oak_leaves":13,"minecraft:deepslate":115},"minecraft:picked_up":{"minecraft:coarse_dirt":1,"minecraft:crafting_table":1,"minecraft:chicken":130,"minecraft:iron_trapdoor":2,"minecraft:clay_ball":40,"minecraft:chest_minecart":3,"minecraft:lead":1,"minecraft:brown_mushroom":2,"minecraft:gold_block":1,"minecraft:potion":1,"minecraft:shield":6,"minecraft:string":4,"minecraft:moss_carpet":10,"minecraft:raw_copper":151,"minecraft:activator_rail":8,"minecraft:cobbled_deepslate":243,"minecraft:bucket":1,"minecraft:spruce_planks":62,"minecraft:beef":6,"minecraft:oak_boat":4,"minecraft:azalea":9,"minecraft:iron_nugget":12,"minecraft:iron_pickaxe":7,"minecraft:light_gray_wool":1,"minecraft:sugar_cane":63,"minecraft:chest":1,"minecraft:birch_sapling":5,"minecraft:phantom_membrane":2,"minecraft:egg":609,"minecraft:furnace":3,"minecraft:raw_iron":55,"minecraft:stick":58,"minecraft:oak_door":26,"minecraft:copper_ingot":182,"minecraft:oak_fence":41,"minecraft:torch":692,"minecraft:note_block":2,"minecraft:porkchop":14,"minecraft:diorite":68,"minecraft:redstone":104,"minecraft:arrow":10,"minecraft:stone_shovel":5,"minecraft:rotten_flesh":8,"minecraft:polished_basalt":3,"minecraft:glow_berries":11,"minecraft:mutton":5,"minecraft:oxeye_daisy":1,"minecraft:rail":89,"minecraft:white_wool":1,"minecraft:cobblestone":1247,"minecraft:stripped_oak_log":1,"minecraft:birch_log":28,"minecraft:magma_block":2,"minecraft:leather_chestplate":10,"minecraft:feather":398,"minecraft:dark_oak_button":2,"minecraft:repeater":1,"minecraft:water_bucket":4,"minecraft:andesite":54,"minecraft:leather":4,"minecraft:brown_wool":1,"minecraft:oak_log":94,"jeg:scrap":148,"minecraft:cobblestone_wall":1,"minecraft:gunpowder":5,"minecraft:wooden_hoe":5,"minecraft:gray_concrete":2,"minecraft:lapis_lazuli":291,"minecraft:dirt":234,"minecraft:lantern":1,"jeg:grenade":6,"minecraft:cooked_mutton":2,"minecraft:bone":59,"minecraft:apple":3,"minecraft:wheat_seeds":252,"minecraft:raw_gold":3,"minecraft:iron_ingot":58,"minecraft:stone_pickaxe":13,"minecraft:cooked_chicken":134,"minecraft:cobweb":4,"minecraft:powered_rail":4,"minecraft:moss_block":27,"minecraft:oak_planks":606,"minecraft:flowering_azalea":4,"jeg:tech_trash":26,"minecraft:cooked_porkchop":6,"minecraft:dandelion":7,"minecraft:gravel":19,"minecraft:sand":216,"minecraft:soul_torch":8,"minecraft:spruce_log":15,"minecraft:leather_helmet":1,"man:tearoftheman":1,"minecraft:pumpkin_seeds":6,"minecraft:diamond":14,"minecraft:stone_axe":14,"minecraft:granite":58,"minecraft:bone_meal":42,"minecraft:golden_apple":2,"minecraft:bread":4,"minecraft:oak_sapling":21,"minecraft:netherrack":25,"minecraft:melon_seeds":8,"minecraft:coal":270,"minecraft:diamond_pickaxe":3},"minecraft:custom":{"minecraft:mob_kills":124,"minecraft:animals_bred":68,"minecraft:interact_with_crafting_table":80,"minecraft:leave_game":16,"minecraft:time_since_death":7734,"minecraft:climb_one_cm":33803,"minecraft:sprint_one_cm":957533,"minecraft:damage_blocked_by_shield":50,"minecraft:walk_one_cm":1847489,"minecraft:drop":372,"minecraft:play_noteblock":31,"minecraft:talked_to_villager":8,"minecraft:play_time":509561,"minecraft:sneak_time":35317,"minecraft:deaths":17,"minecraft:walk_under_water_one_cm":36441,"minecraft:boat_one_cm":1397,"minecraft:jump":7012,"minecraft:walk_on_water_one_cm":31166,"minecraft:total_world_time":509561,"minecraft:interact_with_furnace":106,"minecraft:tune_noteblock":13,"minecraft:sleep_in_bed":28,"minecraft:time_since_rest":7760,"minecraft:damage_taken":8162,"minecraft:damage_dealt":8722,"minecraft:swim_one_cm":154526,"minecraft:player_kills":1,"minecraft:fly_one_cm":1143434,"minecraft:open_chest":203,"minecraft:crouch_one_cm":154757,"minecraft:fall_one_cm":159422,"minecraft:horse_one_cm":4959}},"DataVersion":3120}